frame,bb_height,bb_left,bb_top,bb_width,conf
1,10.0,1916.0,1073.0,10.0,1.0
2,9.75,1910.75,1073.75,9.75,1.0
3,9.5,1905.5,1074.5,9.5,1.0
4,9.25,1900.25,1075.25,9.25,1.0
5,9.0,1895.0,1076.0,9.0,1.0
6,12.0,1884.0,1076.0,12.0,1.0
7,12.0,1875.0,1078.0,12.0,1.0
8,11.0,1866.0,1079.0,12.0,1.0
9,10.0,1857.0,1081.0,11.0,1.0
10,10.0,1849.0,1083.0,11.0,1.0
11,9.0,1840.0,1084.0,10.0,1.0
12,9.0,1831.0,1086.0,10.0,1.0
13,9.0,1823.0,1087.0,10.0,1.0
14,9.0,1815.0,1088.0,10.0,1.0
15,9.0,1807.0,1089.0,10.0,1.0
16,9.0,1798.0,1090.0,10.0,1.0
17,9.0,1790.0,1090.0,10.0,1.0
18,9.0,1783.0,1092.0,10.0,1.0
19,9.0,1776.0,1093.0,10.0,1.0
20,9.0,1769.0,1094.0,10.0,1.0
21,9.0,1762.0,1096.0,10.0,1.0
22,9.0,1755.0,1097.0,10.0,1.0
23,9.0,1748.0,1098.0,10.0,1.0
24,9.0,1741.0,1100.0,10.0,1.0
25,9.0,1735.0,1101.0,10.0,1.0
26,9.0,1729.0,1102.0,10.0,1.0
27,9.0,1723.0,1103.0,10.0,1.0
28,9.0,1718.0,1104.0,10.0,1.0
29,9.0,1712.0,1105.0,10.0,1.0
30,9.0,1706.0,1106.0,10.0,1.0
31,9.0,1700.0,1107.0,10.0,1.0
32,9.0,1694.0,1108.0,10.0,1.0
33,9.0,1689.0,1109.0,10.0,1.0
34,9.0,1684.0,1110.0,10.0,1.0
35,9.0,1680.0,1111.0,10.0,1.0
36,9.0,1675.0,1112.0,10.0,1.0
37,9.0,1670.0,1113.0,10.0,1.0
38,9.0,1664.0,1113.0,10.0,1.0
39,9.0,1659.0,1114.0,10.0,1.0
40,9.0,1655.0,1115.0,10.0,1.0
41,9.0,1650.0,1116.0,10.0,1.0
42,9.0,1645.0,1117.0,10.0,1.0
43,9.0,1640.0,1118.0,10.0,1.0
44,9.0,1635.0,1119.0,10.0,1.0
45,9.0,1631.0,1119.0,10.0,1.0
46,9.0,1626.0,1120.0,10.0,1.0
47,9.0,1621.0,1121.0,10.0,1.0
48,9.0,1616.0,1122.0,10.0,1.0
49,9.0,1612.0,1123.0,10.0,1.0
50,9.0,1607.0,1125.0,10.0,1.0
51,9.0,1602.0,1126.0,10.0,1.0
52,9.0,1598.0,1127.0,10.0,1.0
53,9.0,1593.0,1128.0,10.0,1.0
54,9.0,1589.0,1128.0,10.0,1.0
55,9.0,1585.0,1129.0,10.0,1.0
56,9.0,1580.0,1130.0,10.0,1.0
57,9.0,1576.0,1131.0,10.0,1.0
58,9.0,1571.0,1132.0,10.0,1.0
59,9.0,1566.0,1133.0,10.0,1.0
60,9.0,1562.0,1134.0,10.0,1.0
61,9.0,1558.0,1135.0,10.0,1.0
62,9.0,1553.0,1136.0,10.0,1.0
63,8.0,1549.0,1137.0,9.0,1.0
64,9.0,1567.0,1135.0,10.0,1.0
65,10.0,1584.0,1133.0,11.0,1.0
66,12.0,1601.0,1127.0,14.0,1.0
67,11.0,1621.0,1124.0,13.0,1.0
68,10.0,1641.0,1121.0,11.0,1.0
69,10.0,1661.0,1120.0,11.0,1.0
70,9.0,1680.0,1119.0,10.0,1.0
71,9.0,1700.0,1117.0,10.0,1.0
72,9.0,1719.0,1117.0,10.0,1.0
73,9.0,1738.0,1117.0,11.0,1.0
74,9.0,1757.0,1117.0,11.0,1.0
75,9.0,1776.0,1116.0,11.0,1.0
76,10.0,1794.0,1116.0,11.0,1.0
77,10.0,1811.0,1115.0,11.0,1.0
78,10.0,1829.0,1113.0,11.0,1.0
79,10.0,1846.0,1113.0,11.0,1.0
80,10.0,1863.0,1113.0,11.0,1.0
81,10.0,1881.0,1112.0,12.0,1.0
82,10.0,1898.0,1112.0,12.0,1.0
83,10.0,1915.0,1111.0,12.0,1.0
84,10.0,1933.0,1111.0,12.0,1.0
85,10.0,1950.0,1111.0,12.0,1.0
86,11.0,1967.0,1110.0,12.0,1.0
87,11.0,1983.0,1110.0,12.0,1.0
88,11.0,2000.0,1109.0,13.0,1.0
89,11.0,2017.0,1109.0,13.0,1.0
90,11.0,2034.0,1108.0,13.0,1.0
91,11.0,2051.0,1108.0,13.0,1.0
92,11.0,2067.0,1106.0,13.0,1.0
93,11.0,2083.0,1105.0,13.0,1.0
94,11.0,2099.0,1104.0,13.0,1.0
95,11.0,2115.0,1102.0,13.0,1.0
96,11.0,2131.0,1101.0,13.0,1.0
97,11.0,2147.0,1099.0,12.0,1.0
98,11.0,2163.0,1098.0,12.0,1.0
99,11.0,2178.0,1097.0,13.0,1.0
100,11.0,2194.0,1096.0,13.0,1.0
101,11.0,2209.0,1095.0,13.0,1.0
102,11.0,2224.0,1094.0,13.0,1.0
103,11.0,2240.0,1092.0,13.0,1.0
104,11.0,2255.0,1091.0,13.0,1.0
105,11.0,2270.0,1090.0,13.0,1.0
106,11.0,2285.0,1089.0,13.0,1.0
107,12.0,2299.0,1088.0,13.0,1.0
108,12.0,2313.0,1087.0,13.0,1.0
109,12.0,2327.0,1086.0,13.0,1.0
110,12.0,2342.0,1085.0,14.0,1.0
111,12.0,2356.0,1083.0,14.0,1.0
112,12.0,2371.0,1081.0,14.0,1.0
113,12.0,2385.0,1078.0,14.0,1.0
114,12.0,2399.0,1075.0,14.0,1.0
115,12.0,2413.0,1073.0,14.0,1.0
116,12.0,2427.0,1072.0,14.0,1.0
117,12.0,2441.0,1070.0,14.0,1.0
118,12.0,2455.0,1069.0,14.0,1.0
119,12.0,2467.0,1067.0,14.0,1.0
120,12.0,2480.0,1066.0,14.0,1.0
121,12.0,2492.0,1064.0,14.0,1.0
122,12.0,2505.0,1063.0,14.0,1.0
123,12.0,2517.0,1061.0,14.0,1.0
124,12.0,2530.0,1060.0,13.0,1.0
125,12.0,2542.0,1058.0,13.0,1.0
126,12.0,2555.0,1057.0,13.0,1.0
127,12.0,2567.0,1055.0,13.0,1.0
128,12.0,2580.0,1054.0,13.0,1.0
129,12.0,2591.0,1052.0,13.0,1.0
130,12.0,2603.0,1051.0,13.0,1.0
131,12.0,2614.0,1049.0,13.0,1.0
132,12.0,2626.0,1048.0,13.0,1.0
133,12.0,2637.0,1046.0,13.0,1.0
134,12.0,2648.0,1044.0,13.0,1.0
135,12.0,2659.0,1043.0,13.0,1.0
136,12.0,2669.0,1041.0,13.0,1.0
137,11.0,2680.0,1040.0,13.0,1.0
138,11.0,2690.0,1038.0,13.0,1.0
139,11.0,2701.0,1036.0,13.0,1.0
140,11.0,2711.0,1035.0,13.0,1.0
141,11.0,2721.0,1033.0,13.0,1.0
142,11.0,2731.0,1031.0,13.0,1.0
143,11.0,2741.0,1029.0,13.0,1.0
144,11.0,2751.0,1027.0,13.0,1.0
145,11.0,2760.0,1025.0,13.0,1.0
146,11.0,2769.0,1024.0,12.0,1.0
147,11.0,2778.0,1022.0,12.0,1.0
148,11.0,2786.0,1020.0,12.0,1.0
149,11.0,2795.0,1018.0,12.0,1.0
150,11.0,2804.0,1016.0,12.0,1.0
151,11.0,2812.0,1014.0,12.0,1.0
152,11.0,2820.0,1012.0,13.0,1.0
153,11.0,2828.0,1010.0,13.0,1.0
154,11.0,2836.0,1008.0,13.0,1.0
155,12.0,2845.0,1006.0,13.0,1.0
156,12.0,2853.0,1004.0,13.0,1.0
157,12.0,2861.0,1002.0,13.0,1.0
158,12.0,2867.0,1000.0,13.0,1.0
159,12.0,2874.0,998.0,14.0,1.0
160,12.0,2881.0,996.0,14.0,1.0
161,12.0,2887.0,994.0,14.0,1.0
162,12.0,2894.0,992.0,14.0,1.0
163,12.0,2903.0,990.0,14.0,1.0
164,12.0,2911.0,987.0,14.0,1.0
165,12.0,2917.0,985.0,14.0,1.0
166,12.0,2922.0,984.0,13.0,1.0
167,11.0,2928.0,982.0,13.0,1.0
168,11.0,2934.0,980.0,12.0,1.0
169,11.0,2939.0,979.0,12.0,1.0
170,11.0,2945.0,977.0,12.0,1.0
171,11.0,2951.0,975.0,12.0,1.0
172,11.0,2956.0,973.0,13.0,1.0
173,12.0,2962.0,972.0,13.0,1.0
174,12.0,2967.0,970.0,13.0,1.0
175,12.0,2973.0,968.0,14.0,1.0
176,12.0,2979.0,968.0,14.0,1.0
177,12.0,2985.0,967.0,14.0,1.0
178,12.0,2990.0,967.0,14.0,1.0
179,12.0,2996.0,966.0,14.0,1.0
180,12.0,3002.0,966.0,14.0,1.0
181,12.0,3007.0,966.0,14.0,1.0
182,12.0,3013.0,965.0,14.0,1.0
183,12.0,3019.0,965.0,14.0,1.0
184,12.0,3025.0,964.0,14.0,1.0
185,12.0,3030.0,964.0,14.0,1.0
186,12.0,3035.0,964.0,14.0,1.0
187,12.0,3040.0,964.0,14.0,1.0
188,12.0,3044.0,963.0,14.0,1.0
189,12.0,3049.0,963.0,14.0,1.0
190,12.0,3054.0,963.0,14.0,1.0
191,12.0,3058.0,962.0,14.0,1.0
192,12.0,3063.0,962.0,14.0,1.0
193,12.0,3068.0,962.0,14.0,1.0
194,12.0,3072.0,962.0,14.0,1.0
195,12.0,3075.0,961.0,14.0,1.0
196,12.0,3079.0,961.0,14.0,1.0
197,12.0,3082.0,960.0,14.0,1.0
198,12.0,3085.0,960.0,14.0,1.0
199,12.0,3088.0,959.0,14.0,1.0
200,12.0,3091.0,959.0,14.0,1.0
201,12.0,3095.0,958.0,14.0,1.0
202,12.0,3098.0,958.0,14.0,1.0
203,12.0,3101.0,957.0,14.0,1.0
204,12.0,3104.0,957.0,14.0,1.0
205,12.0,3106.0,956.0,14.0,1.0
206,12.0,3108.0,956.0,14.0,1.0
207,12.0,3110.0,956.0,14.0,1.0
208,12.0,3112.0,955.0,14.0,1.0
209,12.0,3114.0,955.0,14.0,1.0
210,12.0,3116.0,954.0,14.0,1.0
211,12.0,3118.0,954.0,14.0,1.0
212,12.0,3121.0,953.0,14.0,1.0
213,12.0,3121.0,954.0,13.0,1.0
214,11.5,3121.0,954.0,12.5,1.0
215,11.0,3121.0,954.0,12.0,1.0
216,11.0,3120.0,953.5,12.0,1.0
217,11.0,3119.0,953.0,12.0,1.0
218,11.0,3117.0,952.0,12.0,1.0
219,11.0,3116.0,951.0,12.0,1.0
220,11.0,3114.0,951.0,12.0,1.0
221,11.0,3112.0,950.0,12.0,1.0
222,11.0,3111.0,949.0,12.0,1.0
223,11.0,3109.0,948.0,12.0,1.0
224,11.0,3107.0,947.0,12.0,1.0
225,11.0,3106.0,946.0,12.0,1.0
226,11.0,3104.0,945.0,12.0,1.0
227,11.0,3103.0,945.0,12.0,1.0
228,11.0,3101.0,944.0,12.0,1.0
229,11.0,3099.0,943.0,12.0,1.0
230,11.0,3098.0,942.0,12.0,1.0
231,11.0,3096.0,941.0,12.0,1.0
232,11.0,3094.0,941.0,11.0,1.0
233,10.0,3093.0,940.0,11.0,1.0
234,10.0,3091.0,940.0,10.0,1.0
235,9.0,3090.0,939.0,10.0,1.0
236,10.0,3087.0,938.0,10.0,1.0
237,10.0,3085.0,936.0,10.0,1.0
238,10.0,3082.0,935.0,11.0,1.0
239,11.0,3080.0,934.0,11.0,1.0
240,11.0,3077.0,932.0,11.0,1.0
241,11.0,3074.0,931.0,12.0,1.0
242,11.0,3073.0,930.0,12.0,1.0
243,11.0,3071.0,929.0,12.0,1.0
244,11.0,3069.0,928.0,12.0,1.0
245,11.0,3067.0,927.0,12.0,1.0
246,11.0,3065.0,926.0,12.0,1.0
247,11.0,3063.0,925.0,12.0,1.0
248,11.0,3061.0,923.0,12.0,1.0
249,11.0,3059.0,922.0,12.0,1.0
250,11.0,3057.0,921.0,12.0,1.0
251,11.0,3055.0,920.0,12.0,1.0
252,11.0,3053.0,919.0,12.0,1.0
253,11.0,3052.0,918.0,12.0,1.0
254,11.0,3050.0,917.0,12.0,1.0
255,11.0,3048.0,916.0,12.0,1.0
256,11.0,3046.0,915.0,12.0,1.0
257,11.0,3044.0,914.0,12.0,1.0
258,11.0,3042.0,913.0,12.0,1.0
259,11.0,3040.0,912.0,12.0,1.0
260,11.0,3039.0,911.0,12.0,1.0
261,11.0,3038.0,911.0,12.0,1.0
262,11.0,3037.0,910.0,12.0,1.0
263,11.0,3036.0,910.0,12.0,1.0
264,11.0,3034.0,909.0,12.0,1.0
265,11.0,3033.0,909.0,12.0,1.0
266,11.0,3032.0,908.0,12.0,1.0
267,11.0,3031.0,908.0,12.0,1.0
268,11.0,3030.0,907.0,12.0,1.0
269,11.0,3029.0,906.0,12.0,1.0
270,11.0,3027.0,906.0,12.0,1.0
271,11.0,3026.0,905.0,12.0,1.0
272,11.0,3025.0,905.0,12.0,1.0
273,11.0,3024.0,904.0,12.0,1.0
274,11.0,3023.0,904.0,12.0,1.0
275,11.0,3022.0,903.0,12.0,1.0
276,11.0,3020.0,902.0,12.0,1.0
277,11.0,3019.0,902.0,12.0,1.0
278,11.0,3018.0,901.0,12.0,1.0
279,11.0,3017.0,901.0,12.0,1.0
280,11.0,3016.0,900.0,12.0,1.0
281,11.0,3015.0,900.0,12.0,1.0
282,11.0,3013.0,899.0,12.0,1.0
283,11.0,3014.0,899.0,12.0,1.0
284,11.0,3014.1666666666665,899.0,12.0,1.0
285,11.0,3014.333333333333,899.0,12.0,1.0
286,11.0,3014.5,899.0,12.0,1.0
287,11.0,3014.6666666666665,899.0,12.0,1.0
288,11.0,3014.833333333333,899.0,12.0,1.0
289,11.0,3015.0,899.0,12.0,1.0
290,11.0,3015.1666666666665,899.0,12.0,1.0
291,11.0,3015.333333333333,899.0,12.0,1.0
292,11.0,3015.5,899.0,12.0,1.0
293,11.0,3015.6666666666665,899.0,12.0,1.0
294,11.0,3015.833333333333,899.0,12.0,1.0
295,11.0,3016.0,899.0,12.0,1.0
296,11.0,3016.2,899.0,12.0,1.0
297,11.0,3016.4,899.0,12.0,1.0
298,11.0,3016.6,899.0,12.0,1.0
299,11.0,3016.8,899.0,12.0,1.0
300,11.0,3017.0,899.0,12.0,1.0
301,11.0,3017.1666666666665,899.0,12.0,1.0
302,11.0,3017.333333333333,899.0,12.0,1.0
303,11.0,3017.5,899.0,12.0,1.0
304,11.0,3017.6666666666665,899.0,12.0,1.0
305,11.0,3017.833333333333,899.0,12.0,1.0
306,11.0,3018.0,899.0,12.0,1.0
307,11.0,3018.1666666666665,899.0,12.0,1.0
308,11.0,3018.333333333333,899.0,12.0,1.0
309,11.0,3018.5,899.0,12.0,1.0
310,11.0,3018.6666666666665,899.0,12.0,1.0
311,11.0,3018.833333333333,899.0,12.0,1.0
312,11.0,3019.0,899.0,12.0,1.0
313,11.0,3018.8571428571427,899.0,12.0,1.0
314,11.0,3018.714285714286,899.0,12.0,1.0
315,11.0,3018.5714285714284,899.0,12.0,1.0
316,11.0,3018.428571428572,899.0,12.0,1.0
317,11.0,3018.285714285714,899.0,12.0,1.0
318,11.0,3018.1428571428573,899.0,12.0,1.0
319,11.0,3018.0,899.0,12.0,1.0
320,11.0,3017.833333333333,899.0,12.0,1.0
321,11.0,3017.6666666666665,899.0,12.0,1.0
322,11.0,3017.5,899.0,12.0,1.0
323,11.0,3017.333333333333,899.0,12.0,1.0
324,11.0,3017.1666666666665,899.0,12.0,1.0
325,11.0,3017.0,899.0,12.0,1.0
326,11.0,3016.833333333333,899.0,12.0,1.0
327,11.0,3016.6666666666665,899.0,12.0,1.0
328,11.0,3016.5,899.0,12.0,1.0
329,11.0,3016.333333333333,899.0,12.0,1.0
330,11.0,3016.1666666666665,899.0,12.0,1.0
331,11.0,3016.0,899.0,12.0,1.0
332,11.0,3016.0,899.5,12.0,1.0
333,11.0,3016.0,900.0,12.0,1.0
334,11.0,3015.6666666666665,900.0,12.0,1.0
335,11.0,3015.333333333333,900.0,12.0,1.0
336,11.0,3015.0,900.0,12.0,1.0
337,11.0,3015.0,899.6666666666666,12.0,1.0
338,11.0,3015.0,899.3333333333334,12.0,1.0
339,11.0,3015.0,899.0,12.0,1.0
340,11.0,3015.0,898.5,12.0,1.0
341,11.0,3015.0,898.0,12.0,1.0
342,11.0,3014.0,898.0,12.0,1.0
343,11.0,3014.0,897.5,12.0,1.0
344,11.0,3014.0,897.0,12.0,1.0
345,11.0,3014.0,896.5,12.0,1.0
346,11.0,3014.0,896.0,12.0,1.0
347,11.0,3013.0,896.0,12.0,1.0
348,11.0,3013.0,895.5,12.0,1.0
349,11.0,3013.0,895.0,12.0,1.0
350,11.0,3013.0,894.5,12.0,1.0
351,11.0,3013.0,894.0,12.0,1.0
352,11.0,3012.5,894.0,12.0,1.0
353,11.0,3012.0,894.0,12.0,1.0
354,11.0,3012.0,893.0,12.0,1.0
355,11.0,3012.0,892.5,12.0,1.0
356,11.0,3012.0,892.0,12.0,1.0
357,11.0,3011.6666666666665,891.6666666666666,12.0,1.0
358,11.0,3011.333333333333,891.3333333333334,12.0,1.0
359,11.0,3011.0,891.0,12.0,1.0
360,11.0,3011.0,890.5,12.0,1.0
361,11.0,3011.0,890.0,12.0,1.0
362,11.0,3011.0,889.5,12.0,1.0
363,11.0,3011.0,889.0,12.0,1.0
364,11.0,3010.0,889.0,12.0,1.0
365,11.0,3010.0,892.0,12.0,1.0
366,11.0,3009.0,890.0,12.0,1.0
367,11.0,3008.0,888.0,12.0,1.0
368,11.0,3007.0,885.0,12.0,1.0
369,11.0,3007.0,883.0,12.0,1.0
370,11.0,3006.0,881.0,12.0,1.0
371,11.0,3004.0,873.0,12.0,1.0
372,11.0,3003.0,869.0,12.0,1.0
373,11.0,3001.0,865.0,12.0,1.0
374,11.0,3001.0,861.0,12.0,1.0
375,11.0,3001.0,860.0,12.0,1.0
376,11.0,3000.0,859.0,12.0,1.0
377,11.0,3000.0,858.0,12.0,1.0
378,11.0,2999.0,857.0,12.0,1.0
379,11.0,2999.0,856.0,12.0,1.0
380,11.0,2998.0,856.0,12.0,1.0
381,11.0,2998.0,855.0,12.0,1.0
382,11.0,2997.0,854.0,12.0,1.0
383,11.0,2996.0,854.0,12.0,1.0
384,11.0,2996.0,853.0,12.0,1.0
385,11.0,2995.0,853.0,12.0,1.0
386,11.0,2994.0,853.0,12.0,1.0
387,11.0,2993.0,852.0,12.0,1.0
388,11.0,2992.5,852.0,12.0,1.0
389,11.0,2992.0,852.0,12.0,1.0
390,11.0,2991.0,852.0,12.0,1.0
391,11.0,2990.0,851.0,12.0,1.0
392,11.0,2989.5,851.0,12.0,1.0
393,11.0,2989.0,851.0,12.0,1.0
394,11.0,2988.0,850.0,12.0,1.0
395,11.0,2987.0,850.0,12.0,1.0
396,11.0,2988.0,855.0,12.0,1.0
397,11.0,2989.0,860.0,12.0,1.0
398,11.0,2989.0,866.0,12.0,1.0
399,11.0,2990.0,869.0,12.0,1.0
400,11.0,2990.0,871.0,12.0,1.0
401,11.0,2990.0,870.5,12.0,1.0
402,11.0,2990.0,870.0,12.0,1.0
403,11.0,2990.0,869.5,12.0,1.0
404,11.0,2990.0,869.0,12.0,1.0
405,11.0,2989.5,868.5,12.0,1.0
406,11.0,2989.0,868.0,12.0,1.0
407,11.0,2989.0,867.0,12.0,1.0
408,11.0,2988.0,866.0,12.0,1.0
409,11.0,2987.0,865.0,12.0,1.0
410,11.0,2987.0,864.0,12.0,1.0
411,11.0,2986.0,863.0,12.0,1.0
412,11.0,2985.5,862.5,12.0,1.0
413,11.0,2985.0,862.0,12.0,1.0
414,11.0,2984.0,861.0,12.0,1.0
415,11.0,2983.5,860.5,12.0,1.0
416,11.0,2983.0,860.0,12.0,1.0
417,11.0,2983.0,859.0,12.0,1.0
418,11.0,2982.0,858.0,12.0,1.0
419,11.0,2981.0,857.0,12.0,1.0
420,11.0,2979.0,855.0,12.0,1.0
421,11.0,2978.0,853.0,12.0,1.0
422,11.0,2980.0,853.0,12.0,1.0
423,11.0,2979.0,851.0,12.0,1.0
424,11.0,2979.0,850.0,12.0,1.0
425,11.0,2978.0,849.0,12.0,1.0
426,11.0,2978.0,848.0,12.0,1.0
427,11.0,2977.0,847.0,12.0,1.0
428,11.0,2977.0,846.0,12.0,1.0
429,11.0,2976.0,844.0,12.0,1.0
430,11.0,2976.0,843.0,12.0,1.0
431,11.0,2975.0,841.0,12.0,1.0
432,11.0,2975.0,840.0,12.0,1.0
433,11.0,2975.0,841.0,12.0,1.0
434,11.0,2974.0,842.0,12.0,1.0
435,11.0,2974.0,842.5,12.0,1.0
436,11.0,2974.0,843.0,12.0,1.0
437,11.0,2973.0,844.0,12.0,1.0
438,11.0,2972.0,844.0,12.0,1.0
439,11.0,2971.0,844.0,12.0,1.0
440,11.0,2970.0,843.0,12.0,1.0
441,11.0,2969.0,843.0,12.0,1.0
442,11.0,2968.0,843.0,12.0,1.0
443,11.0,2967.0,843.0,12.0,1.0
444,11.0,2967.0,842.0,12.0,1.0
445,11.0,2966.0,842.0,12.0,1.0
446,11.0,2965.0,842.0,12.0,1.0
447,11.0,2964.0,841.0,12.0,1.0
448,11.0,2963.0,841.0,12.0,1.0
449,11.0,2962.0,841.0,12.0,1.0
450,11.0,2962.0,840.0,12.0,1.0
451,11.0,2960.0,840.0,12.0,1.0
452,11.0,2959.0,840.0,12.0,1.0
453,11.0,2959.0,838.0,11.0,1.0
454,11.0,2960.0,840.0,11.0,1.0
455,11.0,2960.0,842.0,11.0,1.0
456,11.0,2960.0,844.0,11.0,1.0
457,10.0,2960.0,846.0,11.0,1.0
458,10.0,2960.0,847.0,11.0,1.0
459,10.0,2961.0,849.0,11.0,1.0
460,10.0,2961.0,851.0,11.0,1.0
461,10.0,2961.0,850.5,10.5,1.0
462,10.0,2961.0,850.0,10.0,1.0
463,10.0,2961.0,849.6666666666666,10.0,1.0
464,10.0,2961.0,849.3333333333334,10.0,1.0
465,10.0,2961.0,849.0,10.0,1.0
466,10.0,2960.0,850.0,10.0,1.0
467,10.0,2959.0,850.0,10.0,1.0
468,10.0,2959.0,850.0,11.0,1.0
469,10.0,2958.0,850.0,11.0,1.0
470,10.0,2957.0,850.0,11.0,1.0
471,11.0,2956.0,850.0,11.0,1.0
472,11.0,2955.5,850.0,11.5,1.0
473,11.0,2955.0,850.0,12.0,1.0
474,11.0,2954.0,850.0,12.0,1.0
475,11.0,2953.0,849.0,12.0,1.0
476,11.0,2952.5,848.5,12.0,1.0
477,11.0,2952.0,848.0,12.0,1.0
478,11.0,2949.0,845.0,12.0,1.0
479,11.0,2946.0,842.0,12.0,1.0
480,11.0,2942.0,839.0,12.0,1.0
481,11.0,2939.0,836.0,12.0,1.0
482,11.0,2935.0,831.0,12.0,1.0
483,11.0,2932.0,826.0,12.0,1.0
484,11.0,2928.0,821.0,12.0,1.0
485,11.0,2924.0,816.0,12.0,1.0
486,11.0,2920.0,811.0,12.0,1.0
487,11.0,2916.0,806.0,12.0,1.0
488,11.0,2912.0,801.0,12.0,1.0
489,11.0,2909.0,796.0,12.0,1.0
490,11.0,2906.0,791.0,12.0,1.0
491,11.0,2903.0,787.0,12.0,1.0
492,11.0,2900.0,783.0,12.0,1.0
493,11.0,2897.0,778.0,12.0,1.0
494,11.0,2894.0,774.0,12.0,1.0
495,11.0,2891.0,769.0,12.0,1.0
496,11.0,2888.0,765.0,12.0,1.0
497,11.0,2884.0,762.0,12.0,1.0
498,11.0,2881.0,758.0,12.0,1.0
499,11.0,2878.0,754.0,12.0,1.0
500,11.0,2876.0,751.0,12.0,1.0
501,11.0,2874.0,748.0,12.0,1.0
502,11.0,2872.0,745.0,12.0,1.0
503,11.0,2870.0,742.0,12.0,1.0
504,11.0,2868.0,739.0,12.0,1.0
505,11.0,2867.0,736.0,12.0,1.0
506,11.0,2865.0,734.0,12.0,1.0
507,11.0,2863.0,731.0,12.0,1.0
508,11.0,2861.0,729.0,12.0,1.0
509,11.0,2859.0,727.0,12.0,1.0
510,11.0,2857.0,725.0,12.0,1.0
511,11.0,2856.0,722.0,12.0,1.0
512,11.0,2854.0,720.0,12.0,1.0
513,11.0,2852.0,718.0,12.0,1.0
514,11.0,2850.0,715.0,12.0,1.0
515,11.0,2848.0,713.0,12.0,1.0
516,11.0,2847.0,712.0,12.0,1.0
517,11.0,2845.0,710.0,12.0,1.0
518,11.0,2844.0,708.0,12.0,1.0
519,11.0,2843.0,707.0,12.0,1.0
520,11.0,2841.0,705.0,12.0,1.0
521,11.0,2840.0,704.0,12.0,1.0
522,11.0,2838.0,702.0,12.0,1.0
523,11.0,2837.0,701.0,12.0,1.0
524,11.0,2836.0,699.0,12.0,1.0
525,11.0,2834.0,697.0,12.0,1.0
526,11.0,2833.0,696.0,12.0,1.0
527,11.0,2831.0,695.0,12.0,1.0
528,11.0,2830.0,694.0,12.0,1.0
529,11.0,2829.0,692.0,12.0,1.0
530,11.0,2827.0,691.0,12.0,1.0
531,11.0,2826.0,690.0,12.0,1.0
532,11.0,2825.0,689.0,12.0,1.0
533,11.0,2823.0,687.0,12.0,1.0
534,11.0,2822.0,686.0,12.0,1.0
535,11.0,2821.0,685.0,12.0,1.0
536,10.0,2822.0,684.0,10.0,1.0
537,10.0,2820.0,682.0,10.0,1.0
538,10.0,2819.0,681.0,10.0,1.0
539,10.0,2818.0,679.0,10.0,1.0
540,10.0,2817.0,678.0,11.0,1.0
541,10.0,2815.0,676.0,11.0,1.0
542,11.0,2814.0,675.0,11.0,1.0
543,11.0,2813.0,673.0,11.0,1.0
544,11.0,2812.0,672.0,11.0,1.0
545,11.0,2811.0,670.0,12.0,1.0
546,11.0,2809.0,668.0,12.0,1.0
547,11.0,2808.0,667.0,12.0,1.0
548,11.0,2807.0,666.0,12.0,1.0
549,11.0,2806.0,665.0,12.0,1.0
550,10.0,2806.0,665.0,8.0,1.0
551,11.0,2805.0,663.0,9.0,1.0
552,11.0,2804.0,661.0,9.0,1.0
553,11.0,2802.0,659.0,10.0,1.0
554,11.0,2801.0,657.0,10.0,1.0
555,11.0,2800.0,657.0,11.0,1.0
556,11.0,2795.0,654.0,11.0,1.0
557,11.0,2778.0,648.0,12.0,1.0
558,11.0,2761.0,643.0,12.0,1.0
559,11.0,2743.0,637.0,12.0,1.0
560,11.0,2726.0,632.0,12.0,1.0
561,11.0,2709.0,626.0,12.0,1.0
562,11.0,2692.0,621.0,12.0,1.0
563,11.0,2674.0,615.0,12.0,1.0
564,11.0,2658.0,611.0,12.0,1.0
565,11.0,2642.0,606.0,12.0,1.0
566,11.0,2626.0,601.0,13.0,1.0
567,12.0,2610.0,596.0,13.0,1.0
568,12.0,2593.0,592.0,13.0,1.0
569,12.0,2578.0,588.0,13.0,1.0
570,12.0,2563.0,584.0,13.0,1.0
571,11.0,2548.0,581.0,13.0,1.0
572,11.0,2533.0,577.0,13.0,1.0
573,11.0,2518.0,573.0,13.0,1.0
574,11.0,2503.0,570.0,12.0,1.0
575,11.0,2487.0,566.0,12.0,1.0
576,11.0,2472.0,562.0,12.0,1.0
577,11.0,2457.0,559.0,12.0,1.0
578,11.0,2442.0,555.0,12.0,1.0
579,11.0,2427.0,552.0,12.0,1.0
580,11.0,2411.0,548.0,12.0,1.0
581,11.0,2397.0,545.0,12.0,1.0
582,11.0,2383.0,542.0,12.0,1.0
583,11.0,2368.0,540.0,12.0,1.0
584,11.0,2354.0,537.0,12.0,1.0
585,11.0,2340.0,534.0,12.0,1.0
586,11.0,2325.0,531.0,12.0,1.0
587,11.0,2312.0,529.0,12.0,1.0
588,11.0,2299.0,526.0,12.0,1.0
589,11.0,2285.0,524.0,12.0,1.0
590,11.0,2271.0,522.0,12.0,1.0
591,11.0,2257.0,520.0,12.0,1.0
592,11.0,2244.0,518.0,12.0,1.0
593,11.0,2230.0,516.0,12.0,1.0
594,11.0,2216.0,514.0,12.0,1.0
595,11.0,2202.0,512.0,12.0,1.0
596,11.0,2189.0,510.0,12.0,1.0
597,11.0,2175.0,508.0,12.0,1.0
598,11.0,2161.0,506.0,12.0,1.0
599,11.0,2148.0,505.0,12.0,1.0
600,11.0,2136.0,504.0,12.0,1.0
601,11.0,2123.0,503.0,12.0,1.0
602,11.0,2110.0,502.0,12.0,1.0
603,11.0,2097.0,501.0,12.0,1.0
604,11.0,2084.0,500.0,12.0,1.0
605,11.0,2072.0,498.0,12.0,1.0
606,11.0,2059.0,497.0,12.0,1.0
607,11.0,2046.0,496.0,12.0,1.0
608,11.0,2033.0,495.0,12.0,1.0
609,11.0,2022.0,495.0,12.0,1.0
610,11.0,2010.0,495.0,12.0,1.0
611,11.0,1998.0,494.0,12.0,1.0
612,11.0,1986.0,494.0,12.0,1.0
613,11.0,1974.0,494.0,12.0,1.0
614,11.0,1963.0,494.0,12.0,1.0
615,11.0,1951.0,494.0,12.0,1.0
616,11.0,1939.0,494.0,12.0,1.0
617,11.0,1927.0,493.0,12.0,1.0
618,11.0,1916.0,493.0,12.0,1.0
619,11.0,1905.0,494.0,12.0,1.0
620,11.0,1894.0,494.0,12.0,1.0
621,11.0,1883.0,494.0,12.0,1.0
622,11.0,1872.0,495.0,12.0,1.0
623,11.0,1861.0,495.0,12.0,1.0
624,11.0,1850.0,496.0,12.0,1.0
625,11.0,1839.0,496.0,12.0,1.0
626,11.0,1828.0,496.0,12.0,1.0
627,11.0,1817.0,497.0,12.0,1.0
628,11.0,1807.0,497.0,12.0,1.0
629,11.0,1796.0,497.0,12.0,1.0
630,11.0,1784.0,498.0,12.0,1.0
631,11.0,1774.0,499.0,12.0,1.0
632,11.0,1764.0,500.0,12.0,1.0
633,11.0,1754.0,501.0,12.0,1.0
634,11.0,1744.0,502.0,12.0,1.0
635,11.0,1733.0,503.0,12.0,1.0
636,11.0,1730.0,505.0,12.0,1.0
637,11.0,1726.0,507.0,12.0,1.0
638,11.0,1722.0,509.0,12.0,1.0
639,11.0,1723.0,512.0,12.0,1.0
640,11.0,1725.0,515.0,12.0,1.0
641,11.0,1726.0,518.0,12.0,1.0
642,11.0,1727.0,521.0,12.0,1.0
643,11.0,1728.0,524.0,12.0,1.0
644,11.0,1730.0,528.0,12.0,1.0
645,11.0,1731.0,531.0,12.0,1.0
646,11.0,1733.0,534.0,10.0,1.0
647,11.0,1735.0,538.0,10.0,1.0
648,11.0,1737.0,542.0,10.0,1.0
649,11.0,1739.0,546.0,10.0,1.0
650,11.0,1741.0,550.0,10.0,1.0
651,11.0,1743.0,554.0,10.0,1.0
652,11.0,1745.0,558.0,10.0,1.0
653,11.0,1747.0,562.0,10.0,1.0
654,11.0,1749.0,566.0,10.0,1.0
655,11.0,1751.0,570.0,10.0,1.0
656,11.0,1753.0,574.0,10.0,1.0
657,11.0,1755.0,578.0,10.0,1.0
658,11.0,1757.0,582.0,10.0,1.0
659,11.0,1759.0,587.0,10.0,1.0
660,11.0,1761.0,591.0,10.0,1.0
661,11.0,1763.0,596.0,10.0,1.0
662,11.0,1766.0,600.0,10.0,1.0
663,11.0,1768.0,604.0,10.0,1.0
664,11.0,1770.0,609.0,10.0,1.0
665,11.0,1772.0,613.0,10.0,1.0
666,11.0,1774.0,618.0,10.0,1.0
667,11.0,1777.0,622.0,10.0,1.0
668,11.0,1779.0,627.0,10.0,1.0
669,11.0,1781.0,631.0,10.0,1.0
670,11.0,1783.0,636.0,10.0,1.0
671,11.0,1786.0,641.0,10.0,1.0
672,11.0,1788.0,645.0,10.0,1.0
673,11.0,1790.0,650.0,10.0,1.0
674,11.0,1793.0,655.0,10.0,1.0
675,11.0,1795.0,659.0,10.0,1.0
676,11.0,1798.0,664.0,10.0,1.0
677,11.0,1800.0,669.0,10.0,1.0
678,11.0,1802.0,674.0,10.0,1.0
679,11.0,1804.0,678.0,10.0,1.0
680,11.0,1806.0,682.0,10.0,1.0
681,11.0,1812.0,682.0,10.0,1.0
682,11.0,1818.0,683.0,10.0,1.0
683,11.0,1824.0,683.0,10.0,1.0
684,11.0,1830.0,683.0,10.0,1.0
685,11.0,1836.0,683.0,10.0,1.0
686,11.0,1843.0,683.0,10.0,1.0
687,11.0,1850.0,682.0,10.0,1.0
688,11.0,1857.0,681.0,10.0,1.0
689,11.0,1864.0,681.0,10.0,1.0
690,11.0,1871.0,680.0,11.0,1.0
691,11.0,1879.0,679.0,11.0,1.0
692,11.0,1886.0,678.0,11.0,1.0
693,11.0,1893.0,678.0,11.0,1.0
694,12.0,1900.0,677.0,11.0,1.0
695,12.0,1907.0,676.0,11.0,1.0
696,12.0,1915.0,675.0,12.0,1.0
697,12.0,1921.0,675.0,12.0,1.0
698,12.0,1928.0,675.0,12.0,1.0
699,12.0,1935.0,674.0,12.0,1.0
700,12.0,1942.0,674.0,12.0,1.0
701,12.0,1950.0,673.0,12.0,1.0
702,12.0,1957.0,673.0,12.0,1.0
703,12.0,1964.0,673.0,12.0,1.0
704,12.0,1972.0,673.0,12.0,1.0
705,12.0,1979.0,674.0,12.0,1.0
706,12.0,1986.0,675.0,12.0,1.0
707,12.0,1993.0,675.0,12.0,1.0
708,12.0,2000.0,676.0,12.0,1.0
709,12.0,2007.0,677.0,12.0,1.0
710,12.0,2014.0,677.0,12.0,1.0
711,12.0,2021.0,678.0,12.0,1.0
712,12.0,2028.0,679.0,12.0,1.0
713,12.0,2035.0,679.0,12.0,1.0
714,12.0,2042.0,680.0,12.0,1.0
715,12.0,2049.0,680.0,12.0,1.0
716,12.0,2057.0,681.0,12.0,1.0
717,12.0,2064.0,682.0,12.0,1.0
718,12.0,2071.0,682.0,12.0,1.0
719,12.0,2077.0,684.0,12.0,1.0
720,12.0,2084.0,685.0,12.0,1.0
721,12.0,2091.0,686.0,12.0,1.0
722,12.0,2098.0,688.0,12.0,1.0
723,12.0,2105.0,689.0,12.0,1.0
724,12.0,2112.0,690.0,12.0,1.0
725,12.0,2119.0,692.0,12.0,1.0
726,12.0,2123.0,693.0,12.0,1.0
727,12.0,2127.0,694.0,12.0,1.0
728,12.0,2131.0,696.0,12.0,1.0
729,12.0,2133.0,697.0,12.0,1.0
730,12.0,2135.0,698.0,12.0,1.0
731,12.0,2136.0,699.0,12.0,1.0
732,12.0,2149.0,702.0,12.0,1.0
733,12.0,2162.0,705.0,12.0,1.0
734,12.0,2165.0,707.0,12.0,1.0
735,12.0,2168.0,708.0,12.0,1.0
736,12.0,2171.0,710.0,12.0,1.0
737,12.0,2174.0,712.0,12.0,1.0
738,12.0,2176.0,716.0,12.0,1.0
739,12.0,2178.0,719.0,12.0,1.0
740,12.0,2179.0,720.0,12.0,1.0
741,12.0,2182.0,722.0,12.0,1.0
742,12.0,2184.0,724.0,12.0,1.0
743,12.0,2186.0,726.0,12.0,1.0
744,12.0,2188.0,728.0,12.0,1.0
745,12.0,2190.0,730.0,12.0,1.0
746,12.0,2192.0,733.0,12.0,1.0
747,12.0,2194.0,734.0,12.0,1.0
748,12.0,2196.0,736.0,12.0,1.0
749,12.0,2197.0,738.0,12.0,1.0
750,12.0,2199.0,740.0,12.0,1.0
751,12.0,2201.0,742.0,12.0,1.0
752,12.0,2203.0,743.0,12.0,1.0
753,12.0,2205.0,745.0,12.0,1.0
754,12.0,2206.0,747.0,12.0,1.0
755,12.0,2208.0,750.0,12.0,1.0
756,12.0,2210.0,752.0,12.0,1.0
757,12.0,2211.0,755.0,12.0,1.0
758,12.0,2213.0,757.0,12.0,1.0
759,12.0,2215.0,759.0,12.0,1.0
760,12.0,2216.0,762.0,12.0,1.0
761,12.0,2218.0,764.0,12.0,1.0
762,12.0,2219.0,766.0,12.0,1.0
763,12.0,2221.0,769.0,12.0,1.0
764,12.0,2223.0,771.0,12.0,1.0
765,12.0,2224.0,773.0,12.0,1.0
766,12.0,2226.0,776.0,12.0,1.0
767,12.0,2228.0,778.0,12.0,1.0
768,12.0,2229.0,781.0,12.0,1.0
769,12.0,2230.0,784.0,12.0,1.0
770,12.0,2231.0,787.0,12.0,1.0
771,12.0,2233.0,789.0,12.0,1.0
772,12.0,2234.0,792.0,12.0,1.0
773,12.0,2235.0,795.0,12.0,1.0
774,12.0,2237.0,798.0,12.0,1.0
775,12.0,2238.0,800.0,12.0,1.0
776,12.0,2240.0,803.0,12.0,1.0
777,12.0,2241.0,806.0,12.0,1.0
778,11.0,2249.0,814.0,11.0,1.0
779,11.0,2258.0,823.0,11.0,1.0
780,11.0,2266.0,831.0,11.0,1.0
781,11.0,2275.0,839.0,11.0,1.0
782,11.0,2284.0,847.0,11.0,1.0
783,11.0,2293.0,856.0,10.0,1.0
784,11.0,2302.0,864.0,11.0,1.0
785,11.0,2310.0,872.0,11.0,1.0
786,11.0,2319.0,881.0,11.0,1.0
787,11.0,2328.0,889.0,11.0,1.0
788,11.0,2336.0,898.0,12.0,1.0
789,11.0,2344.0,905.0,11.0,1.0
790,11.0,2351.0,912.0,11.0,1.0
791,11.0,2358.0,919.0,11.0,1.0
792,11.0,2365.0,925.0,11.0,1.0
793,11.0,2371.0,931.0,11.0,1.0
794,11.0,2378.0,937.0,11.0,1.0
795,11.0,2384.0,943.0,10.0,1.0
796,11.0,2391.0,949.0,11.0,1.0
797,11.0,2397.0,956.0,10.0,1.0
798,11.0,2403.0,962.0,11.0,1.0
799,11.0,2409.0,968.0,11.0,1.0
800,11.0,2416.0,975.0,10.0,1.0
801,11.0,2422.0,981.0,11.0,1.0
802,11.0,2428.0,987.0,10.0,1.0
803,11.0,2434.0,993.0,11.0,1.0
804,11.0,2441.0,1000.0,11.0,1.0
805,11.0,2447.0,1006.0,10.0,1.0
806,11.0,2453.0,1012.0,11.0,1.0
807,11.0,2459.0,1019.0,10.0,1.0
808,11.0,2465.0,1025.0,11.0,1.0
809,11.0,2471.0,1031.0,10.0,1.0
810,11.0,2477.0,1038.0,11.0,1.0
811,11.0,2485.0,1043.0,11.0,1.0
812,11.0,2490.0,1049.0,11.0,1.0
813,11.0,2496.0,1054.0,10.0,1.0
814,11.0,2502.0,1060.0,11.0,1.0
815,11.0,2507.0,1065.0,11.0,1.0
816,11.0,2513.0,1071.0,11.0,1.0
817,11.0,2519.0,1077.0,10.0,1.0
818,11.0,2524.0,1082.0,10.0,1.0
819,11.0,2530.0,1088.0,11.0,1.0
820,11.0,2536.0,1094.0,11.0,1.0
821,11.0,2542.0,1100.0,11.0,1.0
822,12.0,2546.0,1106.0,13.0,1.0
823,12.0,2558.0,1101.0,13.0,1.0
824,12.0,2571.0,1097.0,12.0,1.0
825,12.0,2583.0,1092.0,12.0,1.0
826,12.0,2596.0,1087.0,12.0,1.0
827,11.0,2608.0,1082.0,12.0,1.0
828,11.0,2621.0,1078.0,12.0,1.0
829,11.0,2633.0,1073.0,12.0,1.0
830,11.0,2646.0,1068.0,12.0,1.0
831,11.0,2657.0,1063.0,12.0,1.0
832,11.0,2668.0,1058.0,12.0,1.0
833,11.0,2679.0,1053.0,12.0,1.0
834,11.0,2691.0,1048.0,12.0,1.0
835,11.0,2702.0,1043.0,12.0,1.0
836,11.0,2713.0,1038.0,12.0,1.0
837,11.0,2724.0,1033.0,12.0,1.0
838,11.0,2736.0,1028.0,12.0,1.0
839,11.0,2746.0,1024.0,12.0,1.0
840,11.0,2756.0,1020.0,12.0,1.0
841,11.0,2766.0,1015.0,12.0,1.0
842,11.0,2776.0,1011.0,12.0,1.0
843,11.0,2785.0,1006.0,12.0,1.0
844,11.0,2794.0,1003.0,12.0,1.0
845,11.0,2803.0,1000.0,12.0,1.0
846,11.0,2812.0,997.0,12.0,1.0
847,11.0,2820.0,995.0,12.0,1.0
848,11.0,2828.0,994.0,12.0,1.0
849,11.0,2837.0,993.0,12.0,1.0
850,11.0,2845.0,991.0,12.0,1.0
851,11.0,2854.0,990.0,12.0,1.0
852,11.0,2861.0,988.0,12.0,1.0
853,11.0,2868.0,986.0,12.0,1.0
854,11.0,2875.0,985.0,12.0,1.0
855,11.0,2882.0,983.0,12.0,1.0
856,11.0,2889.0,981.0,12.0,1.0
857,11.0,2896.0,980.0,12.0,1.0
858,10.0,2903.0,978.0,12.0,1.0
859,11.0,2910.0,976.0,13.0,1.0
860,11.0,2917.0,974.0,13.0,1.0
861,11.0,2924.0,973.0,13.0,1.0
862,11.0,2932.0,971.0,13.0,1.0
863,11.0,2939.0,969.0,13.0,1.0
864,11.0,2946.0,968.0,13.0,1.0
865,11.0,2954.0,966.0,13.0,1.0
866,11.0,2961.0,964.0,13.0,1.0
867,11.0,2968.0,962.0,13.0,1.0
868,11.0,2975.0,962.0,13.0,1.0
869,11.0,2981.0,961.0,13.0,1.0
870,11.0,2988.0,960.0,13.0,1.0
871,11.0,2994.0,959.0,13.0,1.0
872,11.0,3001.0,961.0,13.0,1.0
873,11.0,3008.0,963.0,13.0,1.0
874,11.0,3015.0,965.0,13.0,1.0
875,11.0,3022.0,965.0,13.0,1.0
876,11.0,3030.0,965.0,13.0,1.0
877,11.0,3037.0,965.0,13.0,1.0
878,11.0,3044.0,965.0,12.0,1.0
879,11.0,3051.0,963.0,13.0,1.0
880,11.0,3057.0,961.0,13.0,1.0
881,11.0,3062.0,960.0,13.0,1.0
882,11.0,3069.0,958.0,13.0,1.0
883,11.0,3075.0,957.0,13.0,1.0
884,11.0,3081.0,956.0,13.0,1.0
885,11.0,3087.0,954.0,13.0,1.0
886,11.0,3094.0,953.0,13.0,1.0
887,11.0,3100.0,952.0,13.0,1.0
888,11.0,3106.0,950.0,13.0,1.0
889,11.0,3112.0,949.0,13.0,1.0
890,11.0,3119.0,948.0,13.0,1.0
891,11.0,3125.0,946.0,13.0,1.0
892,11.0,3131.0,945.0,13.0,1.0
893,11.0,3137.0,944.0,13.0,1.0
894,11.0,3143.0,943.0,13.0,1.0
895,11.0,3149.0,941.0,13.0,1.0
896,11.0,3155.0,940.0,13.0,1.0
897,11.0,3161.0,938.0,13.0,1.0
898,11.0,3167.0,936.0,12.0,1.0
899,11.0,3166.0,937.0,13.0,1.0
900,11.0,3165.0,937.0,13.0,1.0
